No.,요리명,조리법,매칭근거,핵심 식재료,식단내분류
1,갈비맛치킨,튀김,특수:갈비맛치킨,닭고기,주
2,계란후라이,구이,키워드:후라이,계란,보조
3,고구마츄러스맛탕,튀김,키워드:맛탕,고구마,보조
4,고구마치즈돈가스,튀김,키워드:돈가스,돼지고기,주
5,남산식왕돈까스,튀김,키워드:돈까스,돼지고기,주
6,달콘치킨,튀김,특수:달콘치킨,닭고기,주
7,두부떡강정,튀김,키워드:강정,두부,보조
8,롱김말이튀김,튀김,키워드:튀김,"김, 채소",보조
9,모짜렐라치즈볼,튀김,특수:치즈볼,치즈,보조
10,바삭크크치킨,튀김,특수:바삭크크치킨,닭고기,주
11,벌집고구마튀김,튀김,키워드:튀김,고구마,보조
12,블랙알리오치킨,튀김,특수:블랙알리오치킨,닭고기,주
13,사과부각,튀김,키워드:부각,사과,보조
14,새우멘보샤,튀김,키워드:멘보샤,새우,보조
15,새우야채짜조롤,튀김,키워드:짜조,새우,보조
16,소바바간장치킨&양념치킨소스,튀김,특수:소바바간장치킨,닭고기,주
17,슈프림치킨,튀김,특수:슈프림치킨,닭고기,주
18,야채치즈크로켓,튀김,키워드:크로켓,감자,보조
19,오곡등심탕수육,튀김,키워드:탕수,돼지고기,주
20,오븐바삭치킨떡강정,튀김,키워드:강정,닭고기,주
21,용가리치킨샐러드,튀김,특수:용가리치킨,닭고기,보조
22,유린기,튀김,키워드:유린기,닭고기,주
23,찹쌀꿔바로우,튀김,키워드:꿔바로우,돼지고기,주
24,초당옥수수콘치즈돈가스,튀김,키워드:돈가스,돼지고기,주
25,치즈감자고로케,튀김,키워드:고로케,감자,주
26,치즈돈가스,튀김,키워드:돈가스,돼지고기,주
27,치즈블럭돈가스,튀김,키워드:돈가스,돼지고기,주
28,탕수만두(채식),튀김,키워드:탕수,채소,주
29,통살새우까스,튀김,특수:새우까스,새우,주
30,허니버터연근튀김,튀김,키워드:튀김,연근,보조
31,회오리감자,튀김,특수:회오리감자,감자,보조
32,갈치무조림,조림,키워드:조림/짜글,갈치,주
33,감자짜글이찌개,조림,키워드:조림/짜글,"감자,돼지",국
34,꽈리고추계란장조림,조림,키워드:조림/짜글,계란,보조
35,닭윙데리야끼조림,조림,키워드:조림/짜글,닭고기,주
36,돈육두부양념조림,조림,키워드:조림/짜글,"돼지고기, 두부",보조
37,돈육메추리알조림,조림,키워드:조림/짜글,"돼지고기, 메추리알",보조
38,메추리알장조림(꽈리고추),조림,키워드:조림/짜글,메추리알,보조
39,메추리알장조림(육),조림,키워드:조림/짜글,메추리알,보조
40,미트볼조림,조림,키워드:조림/짜글,돼지고기,보조
41,(우유)야채계란찜,찜,키워드:찜,계란,보조
42,돈사태찜,찜,키워드:찜,돼지고기,주
43,돈육김치찜,찜,키워드:찜,돼지고기,주
44,동파육,찜,특수:동파육,돼지고기,주
45,돼지갈비찜(육),찜,키워드:찜,돼지고기,주
46,돼지등뼈찜&당면(육),찜,키워드:찜,돼지고기,주
47,마라로제찜닭,찜,키워드:찜,닭고기,주
48,매콤돼지갈비찜,찜,키워드:찜,돼지고기,주
49,분모자간장찜닭,찜,키워드:찜,닭고기,주
50,수육,찜,특수:수육,돼지,주
51,순살간장찜닭,찜,키워드:찜,닭고기,주
52,안동찜닭(육),찜,키워드:찜,닭고기,주
53,양배추찜,찜,키워드:찜,양배추,보조
54,양배추찜/쌈장,찜,키워드:찜,양배추,보조
55,짜장찜닭,찜,키워드:찜,닭고기,주
56,해물콩나물찜(아귀),찜,키워드:찜,"아귀, 콩나물",주
57,가지나물,무침,어미:~나물,가지,보조
58,골뱅이야채무침,무침,키워드:무침,골뱅이,보조
59,꼬들오이지무침,무침,키워드:무침,오이,보조
60,도토리묵무침,무침,키워드:무침,도토리묵,보조
61,두부무침/달래양념장,무침,키워드:무침,두부,보조
62,매운콩나물무침,무침,키워드:무침,콩나물,보조
63,무생채,무침,키워드:생채,무,김치
64,미나리숙주무침(육),무침,키워드:무침,"미나리,숙주",보조
65,배추겉절이,무침,키워드:겉절이,배추,보조
66,부추겉절이,무침,키워드:겉절이,부추,보조
67,브로콜리참깨소스무침,무침,키워드:무침,브로콜리,보조
68,비름나물무침,무침,키워드:무침,비름나물,보조
69,상추겉절이,무침,키워드:겉절이,상추,보조
70,세발나물양파무침,무침,키워드:무침,세발나물,보조
71,숙주나물무침,무침,키워드:무침,숙주,보조
72,시금치나물무침,무침,키워드:무침,시금치,보조
73,실곤약야채무침,무침,키워드:무침,곤약,보조
74,싸먹는오리슬라이스/양배추부추겨자무침,무침,키워드:무침,오리,주
75,쑥갓두부무침,무침,키워드:무침,"쑥갓,두부",보조
76,얼갈이된장무침,무침,키워드:무침,얼갈이,보조
77,오이고추된장무침,무침,키워드:무침,고추,보조
78,오이부추무침,무침,키워드:무침,"오이,부추",보조
79,오이양파무침,무침,키워드:무침,"오이,양파",보조
80,진미채쪽파무침,무침,키워드:무침,진미채,보조
81,쫄면야채무침,무침,키워드:무침,쫄면,보조
82,참나물&오이무침(육),무침,키워드:무침,"참나물,오이",보조
83,참나물두부무침,무침,키워드:무침,"참나물,두부",보조
84,청경채무침,무침,키워드:무침,청경채,보조
85,청포묵김무침,무침,키워드:무침,청포묵,보조
86,치커리사과무침(육),무침,키워드:무침,사과,보조
87,콩나물김가루무침,무침,키워드:무침,콩나물,보조
88,콩나물무침,무침,키워드:무침,콩나물,보조
89,콩나물파채무침,무침,키워드:무침,콩나물,보조
90,파채무침,무침,키워드:무침,파,보조
91,LA돼지갈비오븐구이,구이,키워드:구이,돼지고기,주
92,간장숯불불고기,구이,키워드:숯불,소고기,주
93,갈릭베이컨알감자구이,구이,키워드:구이,"감자,베이컨",보조
94,고등어구이,구이,키워드:구이,고등어,주
95,닭날개오븐구이,구이,키워드:구이,닭고기,주
96,닭살바베큐오븐구이,구이,키워드:구이,닭고기,주
97,닭윙구이&양념치킨소스,구이,키워드:구이,닭고기,주
98,돈마호크스테이크,구이,키워드:스테이크,돼지고기,주
99,두부구이(육),구이,키워드:구이,두부,보조
100,바베큐폭립,구이,키워드:바베큐,돼지고기,주
101,바베큐폭찹스테이크,구이,키워드:스테이크,돼지고기,주
102,반각오븐구이,구이,키워드:구이,닭고기,주
103,블랙페퍼오븐치킨,구이,키워드:오븐,닭고기,주
104,삼치구이,구이,키워드:구이,삼치,주
105,삼치데리야끼구이,구이,키워드:구이,삼치,주
106,새우꼬치,구이,어미:~꼬치,새우,보조
107,숯불갈비구이,구이,키워드:숯불,소고기,주
108,숯불조림닭,구이,키워드:숯불,닭고기,주
109,숯불치킨덮밥,구이,키워드:숯불,닭고기,밥
110,알감자버터구이,구이,키워드:구이,감자,보조
111,양송이크림직화함박스테이크,구이,키워드:스테이크,돼지고기,주
112,연잎수제떡갈비,구이,키워드:떡갈비,돼지고기,주
113,오미산적,구이,키워드:산적,돼지고기,주
114,오븐목살구이와 야채구이,구이,키워드:구이,돼지고기,주
115,웨지감자구이,구이,키워드:구이,감자,보조
116,장각구이,구이,키워드:구이,닭고기,주
117,캠핑모듬구이,구이,키워드:구이,소시지,보조
118,통목살스테이크/파인애플,구이,키워드:스테이크,돼지고기,주
119,활짝핀떡갈비,구이,키워드:떡갈비,돼지고기,주
120,훈제오리,구이,키워드:훈제,오리고기,주
121,훈제오리/머스타드,구이,키워드:훈제,오리고기,주
122,흑돼지숯불바베큐,구이,키워드:숯불,돼지고기,주
123,감자채볶음,볶음,키워드:볶음/볶이,감자,보조
124,계란볶음밥,볶음,키워드:볶음/볶이,계란,밥
125,고구마닭갈비,볶음,특수:닭갈비,닭고기,주
126,고추장오리불고기,볶음,특수:불고기,오리고기,주
127,궁중떡볶이,볶음,키워드:볶음/볶이,떡,주
128,김치볶음밥,볶음,키워드:볶음/볶이,김치,밥
129,까르보크림떡볶이,볶음,키워드:볶음/볶이,떡,주
130,낙지볶음/소면,볶음,키워드:볶음/볶이,낙지,보조
131,날치알김치볶음밥,볶음,키워드:볶음/볶이,"날치알,김치",밥
132,눈꽃치즈닭갈비(육),볶음,특수:닭갈비,닭고기,주
133,느타리들깨볶음,볶음,키워드:볶음/볶이,느타리버섯,보조
134,달걀볶음밥,볶음,키워드:볶음/볶이,달걀,밥
135,닭갈비덮밥,볶음,특수:닭갈비,닭고기,밥
136,닭볶음탕(육),볶음,키워드:볶음/볶이,닭고기,주
137,닭살카레볶음,볶음,키워드:볶음/볶이,닭고기,주
138,대파족발볶음,볶음,키워드:볶음/볶이,돼지고기,주
139,대패삼겹살볶음(전),볶음,키워드:볶음/볶이,돼지고기,주
140,돈육간장불고기,볶음,특수:불고기,돼지고기,주
141,마늘종햄볶음,볶음,키워드:볶음/볶이,마늘종,보조
142,마늘쫑&어묵볶음(육),볶음,키워드:볶음/볶이,마늘종,보조
143,마파두부,볶음,특수:마파두부,두부,주
144,명엽채볶음,볶음,키워드:볶음/볶이,명엽채,보조
145,모듬소시지볶음,볶음,키워드:볶음/볶이,소시지,보조
146,목살데리야끼볶음밥,볶음,키워드:볶음/볶이,돼지고기,밥
147,미소허니닭갈비,볶음,특수:닭갈비,닭고기,주
148,미역줄기볶음,볶음,키워드:볶음/볶이,미역,보조
149,밀떡볶이,볶음,키워드:볶음/볶이,떡,주
150,백순대볶음,볶음,키워드:볶음/볶이,순대,보조
151,베이컨&김치볶음밥,볶음,키워드:볶음/볶이,"베이컨,김치",밥
152,볶음우동,볶음,키워드:볶음/볶이,우동면,주
153,볼어묵볶음,볶음,키워드:볶음/볶이,어묵,보조
154,부들어묵볶음,볶음,키워드:볶음/볶이,어묵,보조
155,브로콜리맛살볶음,볶음,키워드:볶음/볶이,"브로콜리,맛살",보조
156,비엔나소시지케첩볶음,볶음,키워드:볶음/볶이,소시지,보조
157,새송이양파볶음,볶음,키워드:볶음/볶이,새송이버섯,보조
158,순대야채볶음,볶음,키워드:볶음/볶이,순대,보조
159,애호박느타리볶음,볶음,키워드:볶음/볶이,"애호박,느타리버섯",보조
160,언양식불고기,볶음,특수:불고기,소고기,주
161,언양식불고기&콩나물파채,볶음,특수:불고기,소고기,주
162,오리간장불고기,볶음,특수:불고기,오리고기,주
163,오리고추장불고기(육),볶음,특수:불고기,오리고기,주
164,우삼겹떡볶이,볶음,키워드:볶음/볶이,"떡,소고기",주
165,잡채,볶음,특수:잡채,"당면,채소",보조
166,전복새우톳볶음밥,볶음,키워드:볶음/볶이,"전복,새우",밥
167,제육볶음(육),볶음,키워드:볶음/볶이,돼지고기,주
168,짜장떡볶이,볶음,키워드:볶음/볶이,떡,주
169,짜장오리불고기,볶음,특수:불고기,오리고기,주
170,참치김치볶음,볶음,키워드:볶음/볶이,"참치,김치",밥
171,찹쌀콩멸치볶음,볶음,키워드:볶음/볶이,멸치,보조
172,파채떡볶이,볶음,키워드:볶음/볶이,떡,주
173,파채불고기,볶음,특수:불고기,소고기,주
174,한우버섯불고기,볶음,특수:불고기,소고기,주
175,훈제오리볶음밥,볶음,키워드:볶음/볶이,오리고기,밥
176,흑초오리불고기,볶음,특수:불고기,오리고기,주
177,감자고추장찌개,국물,키워드:찌개,감자,국
178,감자수제비국,국물,어미:~국,"감자,수제비",국
179,계란파국,국물,어미:~국,계란,국
180,근대된장국,국물,어미:~국,근대,국
181,김치수제비(육),국물,키워드:수제비,"수제비,김치",국
182,꼬마전복미역국,국물,어미:~국,"전복,미역",국
183,꼬지어묵국,국물,어미:~국,어묵,국
184,꽃게탕,국물,키워드:꽃게탕,꽃게,국
185,나가사끼짬뽕국(육),국물,어미:~국,해물,국
186,닭개장,국물,키워드:닭개장,닭고기,국
187,닭곰탕大(육),국물,키워드:곰탕,닭고기,국
188,돈육김치찌개,국물,키워드:찌개,"돼지고기,김치",국
189,돼지국밥,국물,키워드:국밥,돼지고기,국
190,두부김치국,국물,어미:~국,"두부,김치",국
191,두부미역국,국물,어미:~국,"두부,미역",국
192,들깨무채국,국물,어미:~국,무,국
193,들깨미역국,국물,어미:~국,미역,국
194,마라탕,국물,키워드:마라탕,채소,국
195,맑은순두부찌개,국물,키워드:찌개,두부,국
196,맑은콩나물국,국물,어미:~국,콩나물,국
197,물만두국,국물,어미:~국,만두,국
198,물만둣국,국물,어미:~국,만두,국
199,미니유부우동국,국물,어미:~국,"유부,우동",국
200,미니해물짬뽕,국물,키워드:짬뽕,해물,국
201,미소장국,국물,어미:~국,된장,국
202,배추된장국,국물,어미:~국,배추,국
203,부대찌개,국물,키워드:찌개,"햄,소시지,두부",국
204,부대찌개&라면사리,국물,키워드:찌개,"햄,소시지,두부",국
205,부추계란국(육),국물,어미:~국,"부추,계란",국
206,북어국(육),국물,어미:~국,북어,국
207,브로콜리크림스프(육),국물,키워드:스프/수프,브로콜리,국
208,사골떡국,국물,어미:~국,"떡,사골",국
209,순대국밥,국물,키워드:국밥,순대,국
210,순살감자탕,국물,키워드:감자탕,"돼지,감자",국
211,쑥갓어묵국,국물,어미:~국,어묵,국
212,아욱감자국,국물,어미:~국,"아욱,감자",국
213,아욱된장국,국물,어미:~국,아욱,국
214,애호박된장찌개,국물,키워드:찌개,애호박,국
215,양송이크림스프,국물,키워드:스프/수프,양송이버섯,국
216,얼갈이된장국(육),국물,어미:~국,얼갈이,국
217,얼큰 동태찌개,국물,키워드:찌개,동태,국
218,얼큰순두부국,국물,어미:~국,두부,국
219,얼큰어묵국,국물,어미:~국,어묵,국
220,얼큰콩나물국,국물,어미:~국,콩나물,국
221,오색어묵국,국물,어미:~국,어묵,국
222,옥수수크림스프,국물,키워드:스프/수프,옥수수,국
223,우렁살된장찌개,국물,키워드:찌개,우렁,국
224,유부된장국,국물,어미:~국,유부,국
225,유부장국,국물,어미:~국,유부,국
226,육개장,국물,키워드:육개장,소고기,국
227,장각삼계탕(육),국물,키워드:삼계탕,닭고기,국
228,조랭이꽃떡국,국물,어미:~국,떡,국
229,조랭이떡국,국물,어미:~국,떡,국
230,참치김치찌개,국물,키워드:찌개,"참치,김치",국
231,팽이버섯장국,국물,어미:~국,팽이버섯,국
232,한우샤브샤브국,국물,키워드:샤브샤브국,소고기,국
233,한우설렁탕,국물,키워드:설렁탕,소고기,국
234,황태미역국,국물,어미:~국,"황태,미역",국
235,(방울)토마토샐러드,무침,,토마토,보조
236,(얼려먹는)샤인머스켓아이스,보조식,보조식,,
237,간장무채장아찌,무침,,무,보조
238,갈릭크림치즈피자,구이,,"밀가루,치즈",보조
239,감귤샐러드,무침,,귤,보조
240,감귤푸딩,보조식,보조식,,
241,감바스펜네파스타,볶음,,새우,주
242,감자채전오코노미야끼,구이,,감자,보조
243,강황쌀밥(전),밥류,밥류,쌀,밥
244,고구마함박,구이,,"돼지고기,고구마",주
245,고다&체다치즈함박,구이,,돼지고기,주
246,고르곤졸라또띠아피자,구이,,"또띠아,치즈",보조
247,곤드레밥&양념장(육),밥류,밥류,곤드레,밥
248,골드키위,보조식,보조식,,
249,궁채장아찌,무침,,궁채,보조
250,귀리밥,밥류,밥류,귀리,밥
251,귤,보조식,보조식,,
252,기장밥(전),밥류,밥류,기장,밥
253,김자반,볶음,,김,보조
254,김치알밥,볶음,,"계란,김치",밥
255,김치전,구이,,김치,보조
256,깍두기,김치류,김치류,무,김치
257,꿀떡,보조식,보조식,,
258,나물비빔밥,김치류,,나물,밥
259,나박김치,김치류,김치류,무,김치
260,납작군만두,구이,,채소,보조
261,너비아니육전,구이,돼지고기,,주
262,단감,보조식,보조식,,
263,단무지,무침,,무,보조
264,달달한토마토,보조식,보조식,,
265,도시락김,구이,김치류,김,보조
266,도시락올리브김,구이,김치류,김,보조
267,동그랑땡/케찹,구이,,채소,보조
268,두부티라미수,보조식,보조식,,
269,딸기,보조식,보조식,,
270,딸기슈,보조식,보조식,,
271,딸기에끌레어,보조식,보조식,,
272,딸기요플레,보조식,보조식,,
273,딸기찹쌀떡,보조식,보조식,,
274,딸기파이,보조식,보조식,,
275,마늘빵,보조식,보조식,,
276,마제덮밥,무침,,채소,밥
277,마제소바,무침,,밀면,주
278,마카로니샐러드,김치류,,마카로니,보조
279,마크니커리덮밥,김치류,,닭,밥
280,맛밤송송함박,밥류,,돼지,주
281,망고요거트,김치류,보조식,"망고,요거트",
282,매실사과주스,보조식,보조식,,
283,무쌈,보조식,보조식,,
284,미니사과,보조식,보조식,,
285,밀크초코씨리얼,보조식,보조식,,
286,바게트,보조식,보조식,,
287,바나나(1/2),보조식,보조식,,
288,바람떡,보조식,보조식,,
289,밤타르트,보조식,보조식,,
290,방울토마토카프레제샐러드,무침,,채소,보조
291,배추김치,보조식,김치류,,김치
292,백김치,보조식,김치류,,김치
293,베이컨로제파스타(육),볶음,,베이컨,
294,베트남쌀국수,국물,,,주
295,베트남쌀국수(육),국물,,,주
296,보리밥,밥류,밥류,,밥
297,보쌈김치,보조식,김치류,,김치
298,부추새송이만두,찜,,야채,보조
299,블루베리크림치즈토스트,보조식,보조식,,
300,비빔막국수,무침,,밀면,주
301,쁘띠첼(감귤맛),김치류,보조식,젤리,
302,사과(한조각),보조식,보조식,,
303,사과주스,보조식,보조식,,
304,살사푸실리파스타,볶음,,,주
305,삶은계란,찜,,,보조
306,상추쌈,보조식,보조식,,
307,상추쌈/쌈장,보조식,보조식,,
308,샤인머스캣주스,보조식,보조식,,
309,샤인머스캣푸딩,보조식,보조식,,
310,샤인머스켓,보조식,보조식,,
311,수리취우유크림떡,보조식,보조식,,
312,수박,보조식,보조식,,
313,수수밥,보조식,밥류,,
314,수제레몬에이드,보조식,보조식,,
315,슈크림붕어빵,보조식,보조식,밀가루,
316,스팸마요덮밥,무침,,스팸,밥
317,시카고치킨피짜,구이,,"밀가루, 닭고기",주
318,쑥꿀떡,보조식,보조식,,
319,아이스망고,보조식,보조식,,
320,아이스망고스틱,보조식,보조식,,
321,아이스망고치즈샐러드,보조식,보조식,,
322,야채가니쉬,보조식,,,
323,야채춘권,튀김,,채소,보조
324,약고추장,보조식,,,
325,약과,김치류,보조식,밀가루,
326,양념깻잎지,무침,,채소,보조
327,양배추샐러드,무침,,채소,보조
328,어묵우동,국물,,,국
329,에그타르트,보조식,,,
330,열대과일샐러드,무침,,채소,보조
331,열무김치,김치류,김치류,열무,김치
332,오렌지,보조식,보조식,오렌지,
333,옥수수크림파이,보조식,보조식,,
334,요거과일샐러드,무침,,과일,보조
335,요거트꿀떡,보조식,보조식,,
336,요거트아이스크림,보조식,보조식,,
337,우동국물(육),국물,,우동면,국
338,우리밀 행운목 케익,보조식,보조식,,
339,우리밀키리쉬케이크(체리생크림케이크),보조식,보조식,,
340,우리밀팥찐빵,보조식,보조식,,
341,우리쌀 우유꿀설기,보조식,보조식,,
342,우리쌀호국보훈케이크,보조식,보조식,,
343,우유모닝빵/딸기잼,보조식,보조식,,
344,우유모닝빵과 딸기잼,보조식,보조식,,
345,웨지감자,구이,,감자,보조
346,유기농초코쌀뻥,보조식,보조식,,
347,자두주스,보조식,보조식,,
348,자율밥,밥류,밥류,쌀,밥
349,잔치국수(한그릇),국물,,소면,주
350,잡곡밥,밥류,밥류,잡곡,밥
351,제육덮밥,볶음,,돼지,밥
352,조각멜론,보조식,보조식,,
353,주꾸미덮밥(육),볶음,,주꾸미,밥
354,주꾸미돈육비빔밥,볶음,,"주꾸미,돼지",밥
355,짜장면,볶음,,"돼지,면",주
356,짜장밥,볶음,,돼지,주
357,쫀득고기만두,찜,,"돼지,채소",보조
358,차조밥,밥류,밥류,차조,밥
359,참치마요덮밥(육),무침,,참치,밥
360,참치마요주먹밥(육),무침,,참치,밥
361,참치야채비빔밥,무침,,참치,밥
362,찹쌀밥,밥류,밥류,찹쌀,밥
363,채소피클,보조식,보조식,,
364,체리푸딩,보조식,보조식,,
365,초코슈,보조식,보조식,,
366,초코우리쌀칩,보조식,보조식,,
367,초코퐁당카네이션케익,보조식,보조식,,
368,총각김치,김치류,김치류,총각무,김치
369,카레라이스,조림,,쌀,주
370,콘치즈사각피자,구이,,"밀가루,치즈",주
371,콩나물밥&양념장(육),무침,,"콩나물,쌀",밥
372,쿠키케이크,보조식,보조식,,
373,크루키,보조식,보조식,,
374,크림카레우동,조림,,우동면,주
375,키마커리덮밥,조림,,돼지,밥
376,타코야끼,구이,,"문어,밀가루",보조
377,탄두리치킨,구이,,닭고기,주
378,토마토카프레제샐러드,무침,,토마토,보조
379,통새우만두*,찜,,"새우,만두피",보조
380,투움바파스타,볶음,,"닭고기,새우",주
381,파래김자반,볶음,,파래김,보조
382,파인애플(40g),보조식,보조식,,
383,표고야채만두,찜,,"표고버섯,채소",보조
384,플레로티치킨마요덮밥,구이,,닭고기,밥
385,한입아이스홍시,보조식,보조식,,
386,허브치킨플레로티/또띠아,구이,,닭고기,
387,현미밥,밥류,밥류,현미,밥
388,홍국쌀밥,밥류,밥류,쌀,밥
389,흑미밥,밥류,밥류,쌀,밥
